;;Theft at the national level, number of police-recorded offences;;;;;;;;;;;;;;;;;;;;;;;;;;;;
;;;;;;;;;;;;;;;;;;;;;;;;;;;;;;
;;;Definitions:;;;;;;;;;;;;;;;;;;;;;;;;;;;
;;;" ""Theft” means unlawfully taking or obtaining of property with the intent to permanently withhold it from a person or organization without consent and without the use of force, threat of force or violence, coercion or deception. “Theft” excludes ""Burglary"", ""Robbery"", and ""Theft of a Motorized Land Vehicle"", which are recorded separately.";;;;;;;;;;;;;;;;;;;;;;;;;;;
;;;    ;;;;;;;;;;;;;;;;;;;;;;;;;;;
;;;Data supplied by countries ;;;;;;;;;;;;;;;;;;;;;;;;;;;
;;;may not exactly reflect the definition;;;;;;;;;;;;;;;;;;;;;;;;;;;
;;; provided by UNODC.;;;;;;;;;;;;;;;;;;;;;;;;;;;
;;; ;;;;;;;;;;;;;;;;;;;;;;;;;;;
;;;   ;;;;;;;;;;;;;;;;;;;;;;;;;;;
;;; ;;;;;;;;;;;;;;;;;;;;;;;;;;;
;;;Data interpretation;;;;;;;;;;;;;;;;;;;;;;;;;;;
;;;: When using the figures, any cross-national comparison should be conducted with caution because of the differences that exist between the legal definitions of offences in countries, the different methods of offence counting and recording and differences in the share of criminal offences that are not reported to or detected by law enforcement authorities (i.e. the dark figure).;;;;;;;;;;;;;;;;;;;;;;;;;;;
;Dowload full Dataset;;;;;;;;;;;;;;;;;;;;;;;;;;;;;
;;;Count;;;;;;;;;;;;;;Rate per 100,000 population;;;;;;;;;;;;;
Region;Sub Region;Country;2003;2004;2005;2006;2007;2008;2009;2010;2011;2012;2013;2014;2015;;2003;2004;2005;2006;2007;2008;2009;2010;2011;2012;2013;2014;2015;
Africa;Eastern Africa;Burundi;;;;;;;;;;868;679;807;;;;;;;;;;;;8.57;6.49;7.46;;
Africa;Eastern Africa;Kenya;;12,778;12,200;10,255;10,404;11,012;11,972;11,986;13,797;14,111;11,455;10,042;9,528;;;37.10;34.51;28.26;27.93;28.79;30.49;29.72;33.31;33.17;26.22;22.38;20.69;
Africa;Eastern Africa;Madagascar;;;;;;;;58;48;61;62;195;222;;;;;;;;;0.28;0.22;0.27;0.27;0.83;0.92;
Africa;Eastern Africa;Mauritius*;11,062;13,991;14,325;13,464;15,751;15,209;12,540;10,782;9,146;;;;;;914.83;1,150.73;1,172.25;1,096.67;1,277.46;1,228.50;1,008.89;863.98;729.88;;;;;
Africa;Eastern Africa;Mozambique;;6,184;5,554;4,743;5,284;5,016;4,741;;;;;;;;;30.13;26.29;21.82;23.63;21.81;20.05;;;;;;;
Africa;Eastern Africa;Uganda;23,513;35,824;55,059;69,618;47,204;32,958;27,589;23,429;21,672;20,649;18,146;17,059;;;89.68;132.12;196.34;240.05;157.39;106.27;86.04;70.68;63.26;58.33;49.62;45.15;;
Africa;Eastern Africa;United Republic of Tanzania;;;;;;;;;;537;885;1,043;179;;;;;;;;;;;1.10;1.76;2.01;0.33;
Africa;Eastern Africa;Zimbabwe;176,648;163,601;110,509;117,519;99,839;91,456;;;;;;;;;1,382.85;1,271.40;851.09;895.18;750.79;677.68;;;;;;;;
Africa;Middle Africa;Cameroon*;11,839;12,290;12,013;13,652;9,862;;12,865;16,419;17,759;15,752;25,027;25,270;16,290;;68.76;69.56;66.27;73.41;51.69;;64.09;79.74;84.09;72.73;112.68;110.96;69.78;
Africa;Middle Africa;Sao Tome and Principe;;;;2;-;-;5;16;20;;;;;;;;;1.28;-;-;2.99;9.36;11.45;;;;;
Africa;Northern Africa;Algeria*;;;;55,087;48,721;52,103;52,914;51,065;53,202;39,787;54,619;46,695;49,571;;;;;163.22;142.20;149.67;149.47;141.70;144.90;106.27;143.03;119.93;124.97;
Africa;Northern Africa;Egypt;30,116;32,240;34,984;47,441;50,138;55,420;40,811;77,157;87,129;;;;;;41.68;43.81;46.68;62.20;64.61;70.17;50.73;94.05;103.99;;;;;
Africa;Northern Africa;Morocco;69,789;65,299;62,094;73,572;79,175;79,947;78,397;;;96,321;107,824;;;;234.09;216.99;204.35;239.72;255.31;255.01;247.19;;;292.02;322.32;;;
Africa;Northern Africa;Sudan;;;;;;75,093;;;;;;;;;;;;;;220.60;;;;;;;;
Africa;Southern Africa;Botswana;;;;;;;21,343;29,716;25,291;;;29,656;;;;;;;;;1,063.32;1,451.10;1,210.27;;;1,335.89;;
Africa;Southern Africa;Lesotho;;;;;4,759;4,967;4,497;;;;;;;;;;;;243.35;251.85;225.93;;;;;;;
Africa;Southern Africa;Swaziland;21,535;20,851;;;;;;;;;;;;;1,979.41;1,904.59;;;;;;;;;;;;
Africa;Western Africa;Cabo Verde;;;;;;;;3,751;3,924;3,767;3,796;3,996;4,161;;;;;;;;;764.92;792.47;752.09;748.34;777.57;799.42;
Africa;Western Africa;Guinea;;;;;1,348;;;;;;;;;;;;;;13.28;;;;;;;;;
Africa;Western Africa;Nigeria;;;;;21,082;23,927;39,981;20,479;;22,626;24,068;;;;;;;;14.33;15.83;25.76;12.85;;13.45;13.93;;;
Africa;Western Africa;Senegal;;;;;;;;2,503;;;;;2,503;;;;;;;;;19.32;;;;;16.54;
Africa;Western Africa;Sierra Leone;;;;;10,056;10,505;;;;;;;;;;;;;186.53;190.24;;;;;;;;
Americas;Caribbean;Bahamas;;;1,450;1,281;1,341;1,540;1,572;1,969;1,969;1,985;;;;;;;440.40;381.48;391.81;441.78;443.09;545.69;536.94;533.05;;;;
Americas;Caribbean;Barbados;;1,268;1,130;1,257;1,958;2,159;2,073;2,067;2,338;2,376;1,855;1,958;1,694;;;464.31;412.39;457.02;709.02;778.54;744.44;739.36;833.21;843.81;656.63;690.95;596.03;
Americas;Caribbean;Dominican Republic;;;;;;;;;;10,047;;24,483;;;;;;;;;;;;98.94;;235.28;;
Americas;Caribbean;Grenada;;;1,813;1,937;1,847;2,079;936;961;1,304;1,536;1,281;1,348;2,081;;;;1,761.03;1,875.87;1,783.04;2,000.31;897.43;918.06;1,241.08;1,456.26;1,209.61;1,267.52;1,948.05;
Americas;Caribbean;Jamaica;;;;;;;;;;3,188;2,090;;;;;;;;;;;;;115.38;75.36;;;
Americas;Caribbean;Puerto Rico;;;;;;33,113;30,584;26,773;29,273;30,545;29,360;28,948;24,493;;;;;;;888.19;822.49;721.71;790.74;826.51;795.54;785.24;664.99;
Americas;Caribbean;Saint Kitts and Nevis;;;;;;;553;533;491;;;;;;;;;;;;1,069.28;1,018.11;926.45;;;;;
Americas;Caribbean;Saint Vincent and the Grenadines;;2,017;1,933;1,849;1,531;1,729;1,845;1,901;2,312;2,103;;;;;;1,857.91;1,777.49;1,697.76;1,403.96;1,583.84;1,688.71;1,739.00;2,114.49;1,923.46;;;;
Americas;Caribbean;Trinidad and Tobago;;1,937;2,752;3,064;3,570;4,407;3,987;4,089;3,118;3,589;2,603;2,364;1,870;;;150.09;212.19;235.12;272.67;335.04;301.67;307.88;233.59;267.52;193.07;174.53;137.49;
Americas;Central America;Belize;;;1,678;1,857;;;1,179;836;932;822;933;826;;;;;592.35;638.69;;;375.57;259.94;283.12;244.13;271.07;234.86;;
Americas;Central America;Costa Rica;6,877;7,839;8,361;10,326;12,174;13,685;17,494;20,247;20,512;14,386;32,785;;;;166.68;187.22;196.83;239.65;278.62;308.95;389.77;445.45;445.87;309.10;696.60;;;
Americas;Central America;El Salvador*;;;10,720;11,417;8,122;9,488;10,152;9,676;10,871;10,254;9,268;7,533;8,539;;;;180.25;191.32;135.67;158.02;168.60;160.24;179.53;168.87;152.19;123.34;139.38;
Americas;Central America;Guatemala;;5,172;4,303;3,875;4,131;4,697;5,985;6,513;8,122;9,112;;;;;;40.16;32.64;28.72;29.94;33.30;41.51;44.21;53.97;59.29;;;;
Americas;Central America;Honduras;;;;;5,751;5,223;4,905;4,478;4,066;5,010;4,528;;2,916;;;;;;80.62;71.95;66.44;59.68;53.35;64.76;57.69;;36.11;
Americas;Central America;Mexico*;;83,143;84,827;85,775;99,536;105,398;132,345;132,068;135,171;92,659;90,262;175,490;144,999;;;76.80;77.29;77.01;87.98;91.67;113.29;111.34;112.30;75.91;72.94;139.96;114.16;
Americas;Central America;Nicaragua;;;14,512;17,474;;;;10,453;;;;;;;;;269.77;320.61;;;;182.18;;;;;;
Americas;Central America;Panama*;;11,873;13,978;17,928;13,982;16,608;18,168;18,262;18,435;20,304;20,587;21,252;18,877;;;364.13;421.11;530.63;406.64;474.69;510.42;504.40;500.68;542.34;540.95;549.50;480.44;
Americas;Northern America;Bermuda;969;1,003;;;;;729;608;588;559;486;636;638;;1,493.64;1,541.70;;;;;1,133.64;950.68;924.85;884.79;774.22;1,019.62;1,028.97;
Americas;Northern America;Canada;720,021;690,967;655,885;634,912;597,504;569,714;574,950;544,231;515,591;514,920;486,562;487,161;504,113;;2,278.79;2,164.78;2,033.35;1,946.90;1,811.59;1,707.61;1,703.73;1,594.76;1,494.47;1,476.76;1,381.08;1,368.90;1,402.65;
Americas;Northern America;United States of America;7,026,802;6,937,089;6,783,447;6,626,363;6,591,542;6,586,206;6,338,095;6,204,601;6,151,095;6,168,874;6,019,465;5,809,054;5,706,346;;2,414.66;2,363.33;2,290.62;2,217.21;2,185.12;2,163.15;2,062.97;2,002.28;1,969.04;1,959.62;1,898.07;1,818.46;1,773.40;
Americas;South America;Argentina;;;303,669;292,041;264,797;284,205;;;;;;287,063;271,921;;;;775.74;738.25;662.49;703.79;;;;;;667.90;626.30;
Americas;South America;Bolivia (Plurinational State of);;;3,800;3,829;4,292;4,825;5,363;5,050;4,520;5,200;;;;;;;41.64;41.25;45.46;50.26;54.96;50.92;44.85;50.79;;;;
Americas;South America;Brazil;;;;2,058,942;2,021,060;1,866,732;1,791,139;1,382,710;1,240,590;1,425,070;1,784,745;;;;;;;1,079.69;1,048.35;958.43;910.59;696.18;618.69;704.08;873.76;;;
Americas;South America;Chile;;;155,270;153,713;167,893;175,648;191,103;186,982;208,131;191,095;188,283;192,210;184,070;;;;964.62;944.20;1,019.84;1,055.20;1,135.49;1,098.92;1,209.97;1,098.98;1,071.26;1,082.10;1,025.57;
Americas;South America;Colombia;;55,079;68,739;91,493;84,131;74,151;93,743;91,823;101,122;126,463;137,159;136,880;144,944;;;128.92;158.80;208.72;189.59;165.14;206.41;199.97;217.91;269.75;289.72;286.41;300.53;
Americas;South America;Ecuador*;4,277;4,719;5,956;5,968;;;2,535;5,020;11,714;15,975;19,093;24,300;;;32.18;34.93;43.36;42.73;;;17.26;33.61;77.18;103.60;121.91;152.80;;
Americas;South America;Guyana;;;;;;;;3,906;1,909;1,669;2,898;;5,171;;;;;;;;;518.48;252.55;220.07;380.80;;674.11;
Americas;South America;Paraguay;;;;;;24,977;27,898;31,182;33,749;36,343;38,719;38,704;38,025;;;;;;;413.04;455.27;502.14;536.23;569.71;598.84;590.67;572.74;
Americas;South America;Peru;58,126;57,560;52,435;49,423;45,228;47,310;49,477;55,828;62,383;76,111;83,308;89,599;94,480;;215.78;211.05;189.91;176.83;159.86;165.18;170.60;190.06;209.62;252.37;272.56;289.28;301.12;
Americas;South America;Suriname;14,618;13,597;;;;;;;;;;;;;2,997.70;2,778.80;;;;;;;;;;;;
Americas;South America;Uruguay;96,606;105,690;;101,985;105,629;105,629;94,508;95,269;97,573;96,827;97,465;101,683;104,443;;2,904.89;3,179.51;;3,061.66;3,162.78;3,152.32;2,810.43;2,823.28;2,881.99;2,850.58;2,859.91;2,973.61;3,043.61;
Asia;Central Asia;Kazakhstan;;;63,141;59,338;51,497;52,671;48,961;59,988;121,617;178,461;210,204;207,002;208,907;;;;408.63;380.30;326.86;330.93;304.14;367.78;734.65;1,060.91;1,229.30;1,191.61;1,185.27;
Asia;Central Asia;Kyrgyzstan*;14,383;12,101;12,335;10,967;11,185;10,963;10,936;9,886;12,008;10,848;9,975;9,029;9,894;;284.76;238.33;241.13;212.27;213.91;206.81;203.26;180.91;216.21;192.06;173.61;154.51;166.57;
Asia;Central Asia;Tajikistan;;3,331;3,558;3,156;3,734;3,233;3,465;3,559;3,669;;;;;;;49.97;52.28;45.41;52.60;44.57;46.73;46.94;47.32;;;;;
Asia;Central Asia;Turkmenistan;;;1,662;1,431;;;;;;;;;;;;;35.01;29.80;;;;;;;;;;
Asia;Eastern Asia;China, Hong Kong Special Administrative Region;40,887;37,500;35,213;37,089;36,762;35,230;34,554;34,343;35,026;33,664;31,598;;;;596.86;548.11;514.62;540.99;534.44;509.81;497.23;491.07;497.23;474.02;441.07;;;
Asia;Eastern Asia;China, Macao Special Administrative Region*;;;;;;2,870;2,915;2,812;3,250;2,970;3,006;2,703;2,647;;;;;;;565.77;559.07;525.98;594.50;532.48;529.17;467.72;450.47;
Asia;Eastern Asia;Japan;;1,061,257;923,309;811,250;744,066;720,609;658,739;618,088;582,767;546,088;497,676;451,648;;;;837.13;727.14;638.09;584.73;565.99;517.30;485.46;457.96;429.52;391.92;356.20;;
Asia;Eastern Asia;Mongolia;8,782;7,861;6,683;6,657;7,927;6,609;6,376;5,777;5,276;6,266;7,884;8,424;9,169;;355.68;314.87;264.52;260.19;305.73;251.32;238.84;212.96;191.22;223.12;275.74;289.50;309.85;
Asia;Eastern Asia;Republic of Korea;187,352;155,311;188,780;192,555;212,342;223,207;256,418;269,410;281,359;290,055;288,343;266,222;;;398.25;328.21;396.55;401.98;440.50;460.13;525.37;548.81;570.05;584.69;578.46;531.65;;
Asia;South-Eastern Asia;Brunei Darussalam;898;1,052;1,202;1,136;;;;;;;;;;;256.90;295.75;332.15;308.57;;;;;;;;;;
Asia;South-Eastern Asia;Indonesia;;;;;;23,518;25,356;24,456;26,742;25,036;25,593;24,538;26,298;;;;;;;9.99;10.63;10.12;10.92;10.09;10.19;9.64;10.21;
Asia;South-Eastern Asia;Malaysia;;;34,317;37,128;;;;;;;;;;;;;133.03;141.37;;;;;;;;;;
Asia;South-Eastern Asia;Myanmar;;;;;;;1,898;1,723;1,802;2,316;2,538;2,964;2,925;;;;;;;;3.69;3.33;3.46;4.41;4.79;5.55;5.43;
Asia;South-Eastern Asia;Philippines*;9,801;10,739;11,167;9,985;8,281;8,273;101,442;72,947;56,349;43,606;124,168;112,857;;;11.81;12.69;12.96;11.40;9.31;9.16;110.69;78.40;59.63;45.41;127.26;113.84;;
Asia;South-Eastern Asia;Singapore;15,086;16,724;21,168;19,073;18,068;18,360;18,998;18,274;17,251;17,462;16,124;15,868;14,905;;354.58;382.24;470.87;413.32;381.76;378.58;382.63;359.80;332.35;329.50;298.32;288.16;265.98;
Asia;South-Eastern Asia;Thailand;;;60,881;63,649;62,000;57,452;50,412;54,330;45,030;45,183;43,654;39,898;39,371;;;;92.43;96.18;93.44;86.45;75.75;81.46;67.31;67.27;64.72;58.91;57.93;
Asia;Southern Asia;Bangladesh;;;12,540;12,989;;;;;;;;;;;;;8.77;8.97;;;;;;;;;;
Asia;Southern Asia;Bhutan;;;;;;;348;489;494;494;577;532;;;;;;;;;49.16;67.89;67.46;66.42;76.46;69.54;;
Asia;Southern Asia;India;;273,045;273,111;274,354;285,043;316,761;324,195;330,312;340,800;337,407;372,622;;;;;24.24;23.87;23.61;24.16;26.46;26.70;26.83;27.32;26.70;29.12;;;
Asia;Southern Asia;Iran (Islamic Republic of);104,746;109,839;;;;;;;;;;;;;152.86;158.45;;;;;;;;;;;;
Asia;Southern Asia;Maldives;;;;;;3,926;4,008;4,001;4,734;6,571;6,683;;;;;;;;;1,222.95;1,226.76;1,203.04;1,398.04;1,905.65;1,903.39;;;
Asia;Southern Asia;Nepal;;;513;540;;;;;;;;;;;;;2.01;2.09;;;;;;;;;;
Asia;Southern Asia;Sri Lanka;23,398;26,307;;;;13,211;11,745;12,681;11,835;11,704;11,449;;;;121.76;135.78;;;;66.22;58.49;62.77;58.26;57.31;55.79;;;
Asia;Western Asia;Armenia;2,831;2,791;2,463;3,090;2,712;3,216;3,961;3,664;4,207;4,019;4,659;4,620;5,365;;93.23;92.23;81.69;102.93;90.76;108.10;133.54;123.64;141.75;134.94;155.71;153.68;177.78;
Asia;Western Asia;Azerbaijan;1,820;1,776;2,151;2,139;1,903;3,347;3,640;3,868;5,019;4,236;5,144;5,861;;;21.74;20.98;25.12;24.69;21.72;37.74;40.53;42.51;54.39;45.25;54.16;60.86;;
Asia;Western Asia;Bahrain;;;9,659;8,360;7,256;7,598;;;;;;;;;;;1,114.05;888.60;706.82;680.96;;;;;;;;
Asia;Western Asia;Cyprus;1,504;1,131;1,201;1,607;1,667;1,405;1,285;1,670;1,687;1,550;1,245;966;918;;150.68;111.34;116.31;153.30;156.81;130.45;117.84;151.31;151.08;137.25;109.05;83.73;78.78;
Asia;Western Asia;Georgia;;10,634;16,256;27,657;18,586;14,814;11,473;11,371;;;;9,558;;;;235.03;363.24;624.43;423.77;341.08;266.90;267.54;;;;236.89;;
Asia;Western Asia;Iraq (Central Iraq);;;;;;6,206;6,494;8,169;9,917;10,858;10,655;10,456;;;;;;;;24.98;25.44;31.07;36.53;38.68;36.67;34.80;;
Asia;Western Asia;Israel;;135,349;125,290;114,980;101,189;89,985;;72,341;70,809;;;;;;;2,091.93;1,897.28;1,702.19;1,462.11;1,268.50;;974.90;936.21;;;;;
Asia;Western Asia;Jordan;;;7,068;8,945;10,191;10,290;10,662;12,200;13,994;13,509;;;;;;;132.53;161.75;176.94;171.21;170.13;187.18;207.00;193.14;;;;
Asia;Western Asia;Kuwait;;7,230;9,790;9,361;9,792;9,399;8,129;;;;;;;;;333.74;432.50;391.76;385.73;347.43;282.14;;;;;;;
Asia;Western Asia;Lebanon;;;;;;25,163;27,578;28,715;32,775;34,426;32,550;28,411;25,030;;;;;;;612.33;659.49;662.07;713.79;699.11;615.66;506.25;427.81;
Asia;Western Asia;Oman;;;;;6,028;5,515;;;;;;;;;;;;;232.40;207.93;;;;;;;;
Asia;Western Asia;Qatar;754;734;897;1,043;;;;;;;;;;;112.85;100.26;107.18;105.52;;;;;;;;;;
Asia;Western Asia;State of Palestine*;3,597;4,660;4,378;;;2,770;2,847;2,743;2,297;1,946;;;;;104.46;132.87;122.31;;;71.86;71.89;67.42;54.94;45.28;;;;
Asia;Western Asia;Syrian Arab Republic;12,349;11,544;;;4,766;6,509;;;;;;;;;71.36;65.32;;;24.53;32.39;;;;;;;;
Asia;Western Asia;Turkey;66,405;67,406;103,753;171,772;149,763;117,013;144,374;179,586;182,401;208,913;;;;;100.52;100.65;152.89;250.01;215.44;166.34;202.60;248.35;248.11;279.11;;;;
Asia;Western Asia;United Arab Emirates*;10,802;11,037;;;;;;;;14,984;2,385;6,541;6,211;;297.92;277.59;;;;;;;;167.37;26.38;71.99;67.83;
Europe;Eastern Europe;Belarus*;74,632;81,438;103,196;104,161;103,082;87,387;82,340;73,590;73,598;56,378;46,356;40,528;;;764.76;839.93;1,070.43;1,085.66;1,078.71;917.31;866.25;775.27;775.72;594.02;488.10;426.59;;
Europe;Eastern Europe;Bulgaria;47,148;47,010;43,119;44,201;42,100;37,933;39,808;50,479;47,323;44,462;45,256;41,246;38,315;;604.07;607.15;561.25;579.71;556.26;504.85;533.62;681.48;643.39;608.76;624.00;572.76;535.89;
Europe;Eastern Europe;Czechia;141,323;162,139;154,124;151,136;154,207;147,292;138,369;126,311;124,274;119,367;125,573;103,708;139,092;;1,383.91;1,587.72;1,506.46;1,471.41;1,492.74;1,416.54;1,322.84;1,202.20;1,179.74;1,131.96;1,190.79;983.70;1,319.26;
Europe;Eastern Europe;Hungary;124,782;129,466;126,253;122,677;124,522;119,143;117,232;134,196;129,749;130,299;124,276;106,939;;;1,230.41;1,279.66;1,250.53;1,217.22;1,237.28;1,185.42;1,168.24;1,340.00;1,298.94;1,308.44;1,252.21;1,081.33;;
Europe;Eastern Europe;Poland;281,852;287,936;278,852;250,180;219,820;196,745;190,923;203,916;230,247;230,751;200,062;167,390;138,166;;733.01;748.77;724.98;650.18;570.96;510.68;495.24;528.63;596.58;597.65;518.04;433.43;357.83;
Europe;Eastern Europe;Republic of Moldova;14,985;12,378;11,506;9,419;9,724;9,642;9,136;13,646;15,060;14,294;15,378;16,729;;;359.21;297.09;276.74;227.26;235.54;234.53;223.06;334.09;369.32;350.79;377.49;410.80;;
Europe;Eastern Europe;Romania*;58,472;48,065;43,191;41,624;44,370;39,519;46,431;48,828;47,322;56,732;57,557;164,396;108,439;;269.18;222.75;201.76;196.28;211.49;190.53;226.38;240.55;235.30;284.44;290.78;836.55;555.77;
Europe;Eastern Europe;Russian Federation;;1,280,211;1,572,996;1,676,983;1,566,970;1,326,342;1,188,574;1,108,369;1,038,566;992,238;922,562;908,901;1,018,456;;;888.76;1,095.23;1,169.95;1,094.40;926.71;830.44;774.23;725.20;692.48;643.50;633.69;709.94;
Europe;Eastern Europe;Slovakia;28,991;37,818;18,894;32,711;32,383;29,608;27,770;24,464;22,505;20,837;20,708;18,568;24,091;;538.41;702.38;350.85;607.14;600.61;548.63;514.07;452.46;415.88;384.77;382.12;342.40;443.97;
Europe;Eastern Europe;Ukraine;264,904;233,736;186,659;132,159;114,665;110,954;175,876;254,755;;;;;;;557.77;495.97;398.88;284.20;247.93;241.06;383.75;558.09;;;;;;
Europe;Northern Europe;Denmark;186,157;182,444;168,120;165,953;176,796;190,042;187,179;241,703;244,099;238,367;229,050;214,359;194,475;;3,458.27;3,379.44;3,103.17;3,050.22;3,233.88;3,458.26;3,388.62;4,354.26;4,377.22;4,255.81;4,072.51;3,796.05;3,430.45;
Europe;Northern Europe;Estonia;34,215;31,140;30,452;26,615;21,685;22,471;23,901;25,253;20,175;18,628;16,465;15,738;11,354;;2,492.19;2,283.75;2,246.28;1,972.40;1,613.19;1,677.01;1,788.98;1,895.74;1,519.12;1,406.91;1,247.30;1,195.71;865.03;
Europe;Northern Europe;Finland;141,372;131,515;125,081;119,116;118,569;120,214;124,421;99,434;100,501;95,737;101,665;102,166;97,464;;2,711.50;2,515.18;2,384.14;2,261.72;2,241.66;2,262.14;2,329.77;1,852.45;1,862.57;1,764.85;1,864.37;1,864.46;1,770.96;
Europe;Northern Europe;Iceland;6,398;3,419;3,181;3,457;3,093;4,332;5,114;4,920;4,203;4,147;4,102;3,670;4,032;;2,207.55;1,166.56;1,071.96;1,148.94;1,012.72;1,397.27;1,626.92;1,546.97;1,309.22;1,282.29;1,260.63;1,121.23;1,223.95;
Europe;Northern Europe;Ireland;57,870;57,832;58,879;60,839;61,659;62,554;63,902;65,416;66,581;67,954;71,369;69,934;69,462;;1,432.08;1,403.77;1,400.65;1,416.86;1,404.98;1,396.25;1,401.79;1,416.75;1,431.01;1,455.78;1,527.83;1,495.86;1,481.55;
Europe;Northern Europe;Latvia*;23,397;31,358;24,287;23,364;19,639;23,639;27,067;25,659;;21,341;20,623;20,578;19,387;;1,023.07;1,389.41;1,090.30;1,062.43;904.45;1,102.45;1,278.37;1,227.40;;1,047.62;1,025.07;1,034.41;983.86;
Europe;Northern Europe;Lithuania;29,199;29,137;27,618;24,954;23,107;27,057;28,412;26,530;27,299;23,478;22,856;21,546;20,121;;857.27;862.87;826.08;754.92;707.87;840.33;895.59;849.55;889.05;778.32;771.17;738.69;699.03;
Europe;Northern Europe;Norway;128,162;148,289;138,580;133,505;130,216;126,182;133,420;126,685;125,937;133,492;126,668;112,929;;;2,809.99;3,231.23;2,996.72;2,860.55;2,760.81;2,644.42;2,762.11;2,590.03;2,542.16;2,660.07;2,491.77;2,193.66;;
Europe;Northern Europe;Sweden;389,088;384,749;444,825;415,427;408,774;391,729;385,519;367,965;380,558;379,494;383,038;385,394;373,130;;4,350.79;4,283.42;4,925.99;4,571.54;4,465.86;4,245.77;4,143.84;3,921.91;4,021.81;3,976.48;3,979.93;3,971.80;3,815.46;
Europe;Northern Europe;United Kingdom (England and Wales);2,250,787;1,824,996;1,804,831;1,752,433;1,607,601;1,592,758;1,474,291;1,478,601;1,481,675;1,361,329;1,326,649;1,267,915;1,277,897;;4,257.76;3,433.54;3,368.77;3,248.20;2,955.83;2,904.28;2,669.11;2,654.94;2,637.80;2,406.54;2,329.57;2,208.58;;
Europe;Northern Europe;United Kingdom (Northern Ireland);30,831;27,783;25,851;25,085;22,866;24,380;25,672;23,579;24,480;23,824;25,168;24,806;24,016;;1,808.35;1,620.91;1,496.24;1,439.09;1,297.96;1,370.32;1,431.52;1,306.44;1,349.27;1,306.40;1,375.51;1,347.79;;
Europe;Northern Europe;United Kingdom (Scotland);152,123;150,005;139,132;122,473;115,426;117,033;106,587;107,894;108,956;94,551;95,894;89,598;;;3,001.34;2,950.36;2,722.63;2,385.95;2,232.61;2,249.38;2,037.25;2,050.36;2,055.81;1,779.42;1,799.91;1,675.48;;
Europe;Southern Europe;Albania;;;2,986;2,919;2,980;3,198;3,073;3,978;4,621;5,344;5,255;7,961;7,187;;;;96.88;95.68;98.98;107.75;104.88;137.08;160.12;185.51;182.26;275.50;248.11;
Europe;Southern Europe;Andorra;;;;;1,062;977;1,004;1,117;1,063;1,007;1,001;936;1,046;;;;;;1,251.21;1,141.14;1,174.63;1,323.16;1,291.21;1,269.61;1,318.81;1,285.96;1,484.26;
Europe;Southern Europe;Bosnia and Herzegovina*;;;18,417;18,339;7,071;6,455;5,002;11,362;6,737;6,675;6,477;5,931;4,874;;;;480.44;477.76;184.12;168.11;130.34;296.25;175.79;174.35;169.40;155.36;127.91;
Europe;Southern Europe;Croatia*;29,976;30,695;30,398;29,629;28,701;13,373;12,267;13,575;15,929;17,248;14,051;12,043;13,547;;682.78;699.99;694.33;678.24;658.72;307.84;283.28;314.50;370.26;402.33;328.95;282.97;319.48;
Europe;Southern Europe;Greece;68,255;56,342;61,652;69,619;80,988;91,350;99,369;118,518;129,148;119,078;103,399;93,677;100,298;;618.84;509.99;556.95;627.30;727.57;818.42;888.86;1,060.33;1,157.96;1,071.84;935.30;851.55;915.58;
Europe;Southern Europe;Holy See;;;;;;;-;-;-;-;-;-;-;;;;;;;;-;-;-;-;-;-;-;
Europe;Southern Europe;Italy*;1,328,350;1,466,582;1,097,361;1,141,941;1,169,349;993,144;938,916;944,025;1,038,883;1,066,669;1,099,853;1,121,757;1,045,374;;2,290.18;2,513.49;1,870.80;1,938.17;1,977.30;1,674.24;1,578.88;1,584.25;1,740.79;1,785.59;1,840.11;1,876.20;1,748.18;
Europe;Southern Europe;Kosovo under UNSCR 1244;;;;;;15,003;13,382;15,234;17,141;16,292;16,962;15,607;12,295;;;;;;;831.19;737.30;834.28;933.10;881.60;912.43;834.15;;
Europe;Southern Europe;Malta;11,004;11,466;9,612;8,657;8,982;8,127;6,843;7,769;8,520;8,690;8,469;8,198;8,653;;2,800.93;2,904.36;2,420.59;2,164.83;2,228.36;1,999.79;1,671.16;1,885.39;2,057.60;2,090.97;2,032.17;1,962.54;2,066.78;
Europe;Southern Europe;Montenegro;1,577;1,269;1,540;1,201;1,065;772;605;530;673;857;739;892;827;;256.71;206.23;249.84;194.51;172.17;124.57;97.44;85.22;108.03;137.37;118.31;142.65;132.15;
Europe;Southern Europe;Portugal;103,067;102,081;91,818;87,915;88,474;101,682;98,660;95,064;98,398;102,271;94,902;91,041;86,417;;990.76;977.56;876.12;835.97;838.56;961.31;931.61;898.11;931.90;972.62;907.31;875.20;834.96;
Europe;Southern Europe;Serbia*;;;16,765;16,588;16,947;15,780;14,538;15,912;17,529;17,900;31,680;26,736;22,603;;;;182.49;181.20;185.61;173.23;159.99;175.65;194.25;199.27;354.46;300.65;255.37;
Europe;Southern Europe;Slovenia;25,673;28,969;29,489;32,719;29,356;28,183;27,980;28,911;30,677;33,905;34,942;30,103;22,798;;1,291.20;1,455.05;1,477.02;1,631.41;1,455.10;1,387.92;1,369.69;1,408.59;1,489.88;1,643.58;1,692.25;1,457.02;1,102.67;
Europe;Southern Europe;Spain*;;;;;137,861;145,329;139,750;144,618;155,122;165,297;163,464;155,253;205,751;;;;;;304.94;317.19;301.87;310.33;332.11;354.43;351.87;335.61;446.10;
Europe;Southern Europe;The former Yugoslav Republic of Macedonia;;;;4,669;5,530;6,046;5,137;4,896;5,065;5,663;5,530;4,983;;;;;;228.05;269.57;294.17;249.50;237.39;245.17;273.67;266.82;240.07;;
Europe;Western Europe;Austria;;191,663;177,025;180,143;174,366;164,959;161,394;155,857;149,614;150,965;153,032;147,314;139,357;;;2,338.32;2,149.70;2,178.44;2,100.47;1,979.95;1,930.24;1,857.21;1,776.14;1,785.41;1,803.14;1,729.66;1,630.94;
Europe;Western Europe;Belgium;225,000;217,948;217,373;219,931;217,051;222,379;227,721;228,355;242,399;237,921;224,109;208,443;186,586;;2,158.03;2,077.15;2,058.18;2,068.57;2,027.60;2,063.05;2,097.96;2,089.25;2,202.59;2,147.39;2,009.38;1,856.73;1,651.32;
Europe;Western Europe;France*;835,129;838,153;835,057;822,856;771,021;751,099;1,175,378;1,172,553;1,163,793;1,173,885;1,225,816;1,255,668;1,227,974;;1,381.18;1,377.21;1,363.54;1,335.59;1,244.26;1,205.43;1,876.37;1,862.34;1,839.45;1,846.84;1,920.00;1,958.27;1,906.93;
Europe;Western Europe;Germany*;2,482,447;2,410,100;2,234,472;2,124,100;2,074,326;1,963,877;1,220,994;1,219,983;1,276,065;1,267,576;1,285,767;1,309,678;1,337,196;;3,043.35;2,960.16;2,750.23;2,620.54;2,565.50;2,434.58;1,516.39;1,516.73;1,586.66;1,575.06;1,595.92;1,623.98;1,657.23;
Europe;Western Europe;Liechtenstein;169;143;175;235;185;162;194;174;184;197;233;214;193;;492.86;413.67;502.12;668.73;522.14;453.51;538.83;479.66;503.60;535.46;629.05;573.94;514.24;
Europe;Western Europe;Luxembourg;;;;6,533;6,366;6,677;6,660;7,218;8,775;9,243;10,334;10,259;;;;;;1,403.30;1,341.04;1,376.48;1,342.05;1,421.18;1,687.56;1,735.84;1,896.55;1,843.24;;
Europe;Western Europe;Monaco;;;324;346;;;;;;;;;;;;;958.35;1,006.28;;;;;;;;;;
Europe;Western Europe;Netherlands*;858,200;790,300;758,045;711,085;684,870;682,495;681,465;662,105;669,680;652,250;644,725;587,210;544,100;;5,308.21;4,862.37;4,641.57;4,335.59;4,160.05;4,131.36;4,111.36;3,981.01;4,012.50;3,894.19;3,835.56;3,481.20;3,214.78;
Europe;Western Europe;Switzerland*;153,000;165,777;142,420;131,990;120,775;120,817;125,068;161,278;189,520;200,647;184,352;162,168;146,026;;2,098.79;2,256.91;1,922.36;1,764.50;1,597.52;1,580.02;1,616.43;2,059.60;2,391.17;2,501.01;2,270.70;1,974.92;1,759.63;
Oceania;Australia and New Zealand;Australia*;624,036;548,778;518,335;518,734;491,935;497,053;478,807;477,265;501,295;512,352;493,540;485,374;508,738;;3,162.04;2,745.88;2,556.61;2,517.37;2,345.23;2,325.90;2,199.32;2,153.44;2,223.79;2,236.23;2,120.89;2,054.72;2,122.49;
Oceania;Australia and New Zealand;New Zealand;;;127,697;128,500;122,743;119,587;123,151;116,941;114,718;101,669;101,814;;;;;;3,088.42;3,068.60;2,896.23;2,790.58;2,844.71;2,676.59;2,604.57;2,291.97;2,280.13;;;
Oceania;Melanesia;Solomon Islands;;800;1,029;835;870;878;;;;;;;;;;174.73;219.26;173.70;176.80;174.41;;;;;;;;
;;;;;;;;;;;;;;;;;;;;;;;;;;;;;;
;;;;;;;;;;;;;;;;;;;;;;;;;;;;;;
* Changes in definitions and/or counting rules are reported by the Member State to indicate a break in the time series.;;;;;;;;;;;;;;;;;;;;;;;;;;;;;;
Jan 8, 2019, 2:15 PM;;;;;;;;;;;;;;;;;;;;;;;;;;;;;;
